id,first_name,last_name,email,gender,ip_address
1,Chicky,Tregensoe,ctregensoe0@sphinn.com,Male,183.80.96.25
2,Kerianne,Molloy,kmolloy1@gizmodo.com,Female,208.82.199.11
3,Haven,Tremayne,htremayne2@hugedomains.com,Male,75.183.254.48
4,Tiffani,Warrell,twarrell3@engadget.com,Female,181.208.244.137
5,Marsiella,Vakhrushev,mvakhrushev4@skyrock.com,Female,94.10.55.56
6,Luz,Basini-Gazzi,lbasinigazzi5@uol.com.br,Female,112.178.251.221
7,Stanislas,Whitley,swhitley6@nih.gov,Male,6.198.90.204
8,Merrill,Brosius,mbrosius7@techcrunch.com,Male,36.159.178.206
9,Myrah,Hamlyn,mhamlyn8@virginia.edu,Female,166.34.3.114
10,Lynea,Arbuckle,larbuckle9@zdnet.com,Female,40.77.26.28
11,Archy,Pinckney,apinckneya@youtu.be,Male,231.48.88.212
12,Hyacinth,Dibdin,hdibdinb@mapy.cz,Female,9.67.41.123
13,Jory,Bellison,jbellisonc@yahoo.com,Male,14.190.245.188
14,Jarred,Guys,jguysd@mail.ru,Male,253.230.217.1
15,Lynsey,Grinikhin,lgrinikhine@senate.gov,Female,57.248.60.190
16,Clint,Dreossi,cdreossif@wisc.edu,Male,94.146.170.56
17,Sara-ann,Claydon,sclaydong@nasa.gov,Female,244.247.83.5
18,Cacilia,Toffetto,ctoffettoh@taobao.com,Female,67.72.93.132
19,Weston,Kingscott,wkingscotti@wordpress.com,Male,95.160.150.202
20,Roderic,Hobble,rhobblej@senate.gov,Male,225.94.12.114
21,Otes,Bramelt,obrameltk@guardian.co.uk,Male,149.193.80.239
22,Sula,Float,sfloatl@g.co,Female,47.188.139.112
23,Alene,Aymeric,aaymericm@4shared.com,Female,107.122.237.163
24,Donalt,Aldwick,daldwickn@constantcontact.com,Male,217.148.143.52
25,Otha,Ramard,oramardo@craigslist.org,Female,175.249.6.225
26,Ogden,Clayworth,oclayworthp@disqus.com,Male,44.119.6.117
27,Eulalie,Ortell,eortellq@google.ca,Female,146.20.217.133
28,Ricky,Vaggers,rvaggersr@twitpic.com,Female,60.216.82.60
29,Electra,Sandom,esandoms@ameblo.jp,Female,128.135.100.134
30,Christabella,Bunn,cbunnt@mozilla.com,Female,184.43.108.206
31,Cory,Brikner,cbrikneru@posterous.com,Female,167.71.188.97
32,Felicity,Rehn,frehnv@amazon.co.uk,Female,129.21.178.71
33,Jean,Vargas,jvargasw@google.co.uk,Male,150.156.99.18
34,Alexandre,Margram,amargramx@nba.com,Male,202.11.33.189
35,Zacherie,Vayne,zvayney@webnode.com,Male,38.250.133.56
36,Hobey,Staddon,hstaddonz@va.gov,Male,216.173.174.111
37,Eadie,Gherardini,egherardini10@wordpress.org,Female,168.246.89.156
38,Shurlocke,Mountney,smountney11@amazonaws.com,Male,156.67.186.23
39,Faulkner,Palle,fpalle12@qq.com,Male,254.242.157.197
40,Biron,Saunders,bsaunders13@ning.com,Male,239.108.69.210
41,Coleen,Bridle,cbridle14@usa.gov,Female,210.70.149.49
42,Angelo,Fielders,afielders15@zdnet.com,Male,53.21.218.146
43,Loleta,Julyan,ljulyan16@google.co.uk,Female,96.190.179.1
44,Dinah,Pull,dpull17@unesco.org,Female,114.108.164.168
45,Lorain,Horribine,lhorribine18@weibo.com,Female,16.233.226.2
46,Dukey,Forrestill,dforrestill19@t.co,Male,214.50.10.103
47,Vivia,Clubb,vclubb1a@paginegialle.it,Female,143.70.193.111
48,Ilise,Witt,iwitt1b@yale.edu,Female,227.138.181.47
49,Alyss,Chavey,achavey1c@furl.net,Female,125.233.114.193
50,Leland,Rumble,lrumble1d@shop-pro.jp,Female,240.150.61.22
51,Arlan,Blade,ablade1e@nsw.gov.au,Male,113.216.99.249
52,Maiga,Addess,maddess1f@so-net.ne.jp,Female,126.157.206.50
53,Bradly,Spear,bspear1g@buzzfeed.com,Male,51.121.242.94
54,Angelico,Lockie,alockie1h@state.tx.us,Male,56.83.130.102
55,Yardley,Whitwham,ywhitwham1i@opensource.org,Male,123.1.114.118
56,Rosene,Gorton,rgorton1j@va.gov,Female,72.217.226.167
57,Ardra,Ivanshintsev,aivanshintsev1k@miitbeian.gov.cn,Female,7.12.207.203
58,Vera,Grist,vgrist1l@engadget.com,Female,99.65.236.167
59,Carolus,Witheford,cwitheford1m@nydailynews.com,Male,135.1.159.224
60,Adham,Asling,aasling1n@state.tx.us,Male,85.64.243.117
61,Teodorico,Alvarez,talvarez1o@51.la,Male,224.255.56.234
62,Cathy,McGeachy,cmcgeachy1p@ihg.com,Female,12.218.67.107
63,Grover,Halesworth,ghalesworth1q@ft.com,Male,140.39.84.230
64,Kriste,Dann,kdann1r@hc360.com,Female,26.252.198.146
65,Devina,Pingstone,dpingstone1s@blogger.com,Female,43.189.175.56
66,Corilla,Pascow,cpascow1t@ucoz.com,Female,24.237.93.208
67,Wynne,Tongue,wtongue1u@reverbnation.com,Female,122.19.39.83
68,Carleton,Duny,cduny1v@soup.io,Male,231.213.53.190
69,Elianore,Basley,ebasley1w@fda.gov,Female,224.238.68.80
70,Shawn,Schanke,sschanke1x@nba.com,Female,139.172.208.201
71,Vernen,Meneyer,vmeneyer1y@google.pl,Male,18.210.211.250
72,Delcine,Simenel,dsimenel1z@arizona.edu,Female,100.204.144.118
73,Anthony,Forre,aforre20@japanpost.jp,Male,109.1.249.243
74,Chance,Dongles,cdongles21@nhs.uk,Male,185.47.172.115
75,Blondie,Franzewitch,bfranzewitch22@blogs.com,Female,12.36.84.237
76,Geoff,Finnemore,gfinnemore23@jimdo.com,Male,3.205.237.130
77,Tessy,Kenrick,tkenrick24@bbc.co.uk,Female,94.232.65.8
78,Glynnis,Themann,gthemann25@cpanel.net,Female,199.189.135.82
79,Constantin,Coat,ccoat26@addthis.com,Male,237.218.67.206
80,Brooks,O'Hdirscoll,bohdirscoll27@ed.gov,Female,78.209.21.233
81,Matty,Axby,maxby28@list-manage.com,Female,208.18.203.49
82,Inigo,Guarnier,iguarnier29@dailymotion.com,Male,50.32.173.168
83,Flora,Siggery,fsiggery2a@dagondesign.com,Female,148.47.114.172
84,Lilas,Scoon,lscoon2b@samsung.com,Female,141.152.97.145
85,Doy,Jaye,djaye2c@ed.gov,Male,28.126.153.118
86,Annice,Trengrove,atrengrove2d@dagondesign.com,Female,160.231.48.148
87,Allyce,Reside,areside2e@fda.gov,Female,187.2.111.86
88,Emmerich,Gernier,egernier2f@cdc.gov,Male,194.158.176.188
89,Marget,Bartholat,mbartholat2g@rediff.com,Female,245.47.0.104
90,Ernaline,Stothert,estothert2h@google.pl,Female,49.138.165.203
91,Stephanie,Common,scommon2i@usa.gov,Female,200.211.91.49
92,Sholom,Grangier,sgrangier2j@github.io,Male,151.170.22.66
93,Bryn,Alelsandrovich,balelsandrovich2k@ycombinator.com,Female,151.242.69.135
94,Freddy,Westgate,fwestgate2l@economist.com,Male,140.38.81.155
95,Harley,Pothecary,hpothecary2m@cafepress.com,Female,204.213.242.159
96,Nestor,Couch,ncouch2n@cmu.edu,Male,200.109.178.148
97,Keriann,Leist,kleist2o@soundcloud.com,Female,106.186.65.98
98,Devlin,Shortall,dshortall2p@who.int,Male,43.99.172.249
99,Maynord,Clynter,mclynter2q@addtoany.com,Male,48.242.191.246
100,Nertie,Chellam,nchellam2r@sciencedirect.com,Female,234.163.217.5
101,Howard,Geroldo,hgeroldo2s@intel.com,Male,172.147.33.180
102,Orland,Filippo,ofilippo2t@home.pl,Male,126.67.219.116
103,Goldina,Josipovitz,gjosipovitz2u@va.gov,Female,117.105.50.217
104,Debora,Catlette,dcatlette2v@patch.com,Female,26.189.69.117
105,Thomasina,Munnery,tmunnery2w@clickbank.net,Female,253.102.167.24
106,Irwinn,Blount,iblount2x@symantec.com,Male,152.157.153.61
107,Ab,ducarme,aducarme2y@ted.com,Male,88.125.250.59
108,Malorie,Board,mboard2z@weebly.com,Female,55.116.142.169
109,Evelin,MacDermid,emacdermid30@storify.com,Male,63.236.217.85
110,Lew,Awmack,lawmack31@illinois.edu,Male,96.171.20.203
111,Lianna,Drewell,ldrewell32@psu.edu,Female,34.108.247.72
112,Aurora,Litherland,alitherland33@wix.com,Female,252.202.63.180
113,Rik,Feveryear,rfeveryear34@instagram.com,Male,165.194.148.123
114,Hastie,McCahey,hmccahey35@google.cn,Male,125.249.170.224
115,Denver,Merrigans,dmerrigans36@omniture.com,Male,88.197.178.94
116,Jordana,Baxstair,jbaxstair37@google.com.hk,Female,207.101.19.224
117,Matthaeus,Ditt,mditt38@so-net.ne.jp,Male,97.164.189.130
118,Sheelah,McGilbon,smcgilbon39@myspace.com,Female,2.132.196.238
119,Leonerd,Buglar,lbuglar3a@prnewswire.com,Male,191.61.47.111
120,Terrance,Limer,tlimer3b@ycombinator.com,Male,231.75.118.150
121,Evan,Hordell,ehordell3c@nationalgeographic.com,Male,119.219.203.128
122,Franz,Beggi,fbeggi3d@netvibes.com,Male,1.47.104.209
123,Amery,Colgan,acolgan3e@dmoz.org,Male,174.160.65.38
124,Elinor,Ramsby,eramsby3f@ow.ly,Female,50.216.19.16
125,Nikki,Lube,nlube3g@noaa.gov,Female,142.84.247.251
126,Gay,Duerden,gduerden3h@sciencedaily.com,Male,204.68.160.42
127,Stephana,Penning,spenning3i@bravesites.com,Female,8.39.45.171
128,Pia,Aarons,paarons3j@columbia.edu,Female,57.246.1.175
129,Bronson,Walkling,bwalkling3k@oracle.com,Male,54.168.242.39
130,Lin,Aldren,laldren3l@boston.com,Male,135.214.219.155
131,Joby,Pinel,jpinel3m@msn.com,Female,16.26.180.57
132,Woody,Drysdale,wdrysdale3n@pinterest.com,Male,241.133.10.32
133,Jacinthe,McGregor,jmcgregor3o@mit.edu,Female,115.222.226.46
134,Yovonnda,Grainge,ygrainge3p@bing.com,Female,107.14.100.211
135,Francis,Michieli,fmichieli3q@icq.com,Male,171.86.195.191
136,Em,Vassano,evassano3r@ft.com,Male,30.50.231.58
137,Rhoda,Roantree,rroantree3s@rambler.ru,Female,163.149.83.218
138,Turner,Humerstone,thumerstone3t@salon.com,Male,29.214.195.104
139,Jenelle,Attwill,jattwill3u@adobe.com,Female,247.64.37.137
140,Mallory,Spours,mspours3v@homestead.com,Male,95.241.59.224
141,Rheba,Kyte,rkyte3w@hugedomains.com,Female,255.231.54.203
142,Rosina,Thunders,rthunders3x@slate.com,Female,240.168.97.32
143,Juana,Digges,jdigges3y@slate.com,Female,175.142.62.14
144,Zebadiah,Newton,znewton3z@seesaa.net,Male,173.132.153.151
145,Sarine,McIlhone,smcilhone40@google.de,Female,74.9.51.74
146,Farrel,Curd,fcurd41@xing.com,Male,142.13.147.85
147,Dalila,Teaze,dteaze42@github.io,Female,73.180.193.13
148,Wendall,Giraldon,wgiraldon43@i2i.jp,Male,75.185.29.71
149,Karmen,Barth,kbarth44@exblog.jp,Female,189.254.195.106
150,Melli,Jeannel,mjeannel45@webnode.com,Female,75.132.142.20
151,Gael,Jorge,gjorge46@xing.com,Female,185.79.148.215
152,Nicolas,Paddemore,npaddemore47@ibm.com,Male,13.88.117.97
153,Shara,Westwood,swestwood48@mediafire.com,Female,179.31.50.154
154,Maude,Felkin,mfelkin49@twitter.com,Female,214.77.200.152
155,Vilma,Lansley,vlansley4a@marketwatch.com,Female,0.224.7.97
156,Mufinella,Heasly,mheasly4b@i2i.jp,Female,15.224.236.178
157,Storm,Ingre,singre4c@cornell.edu,Female,48.69.253.218
158,Janot,Haskins,jhaskins4d@sitemeter.com,Female,154.7.54.122
159,Lynett,Tarn,ltarn4e@blinklist.com,Female,96.91.200.11
160,Avictor,Sokale,asokale4f@who.int,Male,247.232.36.175
161,Jeanna,Markey,jmarkey4g@nba.com,Female,150.124.176.249
162,Carney,Le Barr,clebarr4h@netvibes.com,Male,145.83.95.35
163,Kristal,Ferdinand,kferdinand4i@macromedia.com,Female,44.234.152.52
164,Idette,Renehan,irenehan4j@foxnews.com,Female,48.18.18.136
165,Guthry,Bowskill,gbowskill4k@tumblr.com,Male,108.58.231.43
166,Trisha,Kayne,tkayne4l@hubpages.com,Female,23.58.121.17
167,Grissel,Leverich,gleverich4m@vkontakte.ru,Female,98.120.51.112
168,Deborah,Dowse,ddowse4n@spotify.com,Female,137.102.93.197
169,Keene,Storer,kstorer4o@tmall.com,Male,153.131.44.79
170,Frankie,Paulisch,fpaulisch4p@addtoany.com,Male,71.232.74.208
171,Vinni,Verduin,vverduin4q@engadget.com,Female,102.76.134.71
172,Colas,Landreth,clandreth4r@hibu.com,Male,20.112.226.166
173,Herc,Kisbey,hkisbey4s@quantcast.com,Male,137.114.217.181
174,Ogdon,Bysh,obysh4t@geocities.jp,Male,177.2.75.170
175,Katlin,Laise,klaise4u@nymag.com,Female,157.18.239.132
176,Gabriel,Igglesden,gigglesden4v@php.net,Female,174.118.66.254
177,Lanie,Pinwell,lpinwell4w@51.la,Female,61.80.134.246
178,Patin,Impey,pimpey4x@taobao.com,Male,229.249.71.70
179,Bobby,Hoyer,bhoyer4y@nyu.edu,Female,152.254.248.83
180,Brandi,Maciejewski,bmaciejewski4z@icq.com,Female,171.198.242.114
181,Hugues,Lamswood,hlamswood50@oakley.com,Male,235.196.120.254
182,Grange,Brunnstein,gbrunnstein51@trellian.com,Male,16.201.215.190
183,Hayden,Grooby,hgrooby52@about.com,Male,74.10.203.243
184,Rob,Yannoni,ryannoni53@eepurl.com,Male,196.120.166.195
185,Karlotta,Trewinnard,ktrewinnard54@chron.com,Female,207.77.92.35
186,Saba,Thame,sthame55@about.me,Female,213.127.55.3
187,Hashim,Vauter,hvauter56@wired.com,Male,101.54.36.138
188,Sari,Hassent,shassent57@imdb.com,Female,219.252.175.42
189,Tina,Benfield,tbenfield58@auda.org.au,Female,66.19.211.199
190,Marwin,Sloane,msloane59@123-reg.co.uk,Male,169.24.159.172
191,Kinsley,Cicetti,kcicetti5a@mediafire.com,Male,152.153.3.0
192,Barnabas,Mummery,bmummery5b@fda.gov,Male,167.195.97.128
193,Yance,Rushworth,yrushworth5c@washingtonpost.com,Male,151.30.203.218
194,Dynah,Terney,dterney5d@ebay.com,Female,90.184.120.67
195,Tabbie,Lefridge,tlefridge5e@youtube.com,Male,221.240.66.27
196,Storm,MacDuffie,smacduffie5f@about.me,Female,193.143.34.245
197,Thaddus,Pilsworth,tpilsworth5g@bbb.org,Male,50.147.239.12
198,Roobbie,Elflain,relflain5h@tinyurl.com,Female,103.59.111.131
199,Marigold,Audenis,maudenis5i@bbb.org,Female,189.193.183.179
200,Wash,Moring,wmoring5j@amazonaws.com,Male,241.168.94.151
201,Uriah,Culleton,uculleton5k@businessweek.com,Male,89.14.89.198
202,Harald,Michael,hmichael5l@hubpages.com,Male,29.21.253.117
203,Reamonn,Dible,rdible5m@reverbnation.com,Male,71.132.114.50
204,Chrissie,Fleckno,cfleckno5n@princeton.edu,Female,136.251.190.97
205,Liv,Hargreves,lhargreves5o@sakura.ne.jp,Female,204.139.132.152
206,Jethro,Mangham,jmangham5p@joomla.org,Male,84.132.130.115
207,Hall,Cavnor,hcavnor5q@multiply.com,Male,219.54.214.224
208,Olimpia,Haxell,ohaxell5r@amazon.com,Female,60.72.185.235
209,Sherwood,Valde,svalde5s@list-manage.com,Male,185.4.237.196
210,Liuka,Petyt,lpetyt5t@domainmarket.com,Female,183.196.34.40
211,Conny,Tidd,ctidd5u@amazon.co.uk,Female,228.241.177.119
212,Dom,Plester,dplester5v@e-recht24.de,Male,50.170.217.101
213,Jennette,Prandin,jprandin5w@elpais.com,Female,128.177.13.121
214,Dante,Killford,dkillford5x@scientificamerican.com,Male,69.109.191.145
215,Lefty,Harrowing,lharrowing5y@hibu.com,Male,159.209.201.42
216,Mead,Beckwith,mbeckwith5z@freewebs.com,Female,99.70.37.143
217,Mitch,Agnolo,magnolo60@cornell.edu,Male,163.25.128.52
218,Matti,Beatey,mbeatey61@arizona.edu,Female,67.33.155.41
219,Carline,Kinnerk,ckinnerk62@toplist.cz,Female,152.111.214.159
220,Aretha,Sommerscales,asommerscales63@theatlantic.com,Female,147.73.7.176
221,Katuscha,Kenewell,kkenewell64@pcworld.com,Female,150.114.20.203
222,Nicholle,Belson,nbelson65@sciencedirect.com,Female,164.222.141.199
223,Celle,Owbridge,cowbridge66@netvibes.com,Female,71.47.17.217
224,Annmarie,Rodolfi,arodolfi67@vkontakte.ru,Female,147.189.159.213
225,Leona,Strutton,lstrutton68@facebook.com,Female,4.233.124.221
226,Elvera,Drackford,edrackford69@google.it,Female,196.50.135.34
227,Vaughan,Gillard,vgillard6a@google.fr,Male,15.14.175.74
228,Elfie,Kennon,ekennon6b@independent.co.uk,Female,95.207.105.189
229,Cassandry,Kalker,ckalker6c@addtoany.com,Female,103.241.138.213
230,Felecia,Deinert,fdeinert6d@ucoz.com,Female,199.17.127.104
231,Isak,Desorts,idesorts6e@linkedin.com,Male,221.205.150.247
232,Wallace,Kelner,wkelner6f@about.me,Male,92.172.156.158
233,Barny,Berks,bberks6g@topsy.com,Male,134.191.150.199
234,Caz,Sparey,csparey6h@jalbum.net,Male,20.187.146.249
235,Sheree,Avrahamof,savrahamof6i@statcounter.com,Female,157.252.7.225
236,Julita,Lindermann,jlindermann6j@goo.ne.jp,Female,214.148.202.14
237,Blakelee,Klausen,bklausen6k@yellowpages.com,Female,18.4.153.181
238,Filmore,Rimbault,frimbault6l@google.com.br,Male,40.61.194.176
239,Marika,Leech,mleech6m@msu.edu,Female,82.70.91.106
240,Alleen,Scrange,ascrange6n@typepad.com,Female,5.111.150.176
241,Teddy,Caldeiro,tcaldeiro6o@blogger.com,Male,140.85.55.210
242,Antonin,Bugden,abugden6p@amazon.de,Male,151.162.238.101
243,Darrel,Ayscough,dayscough6q@hatena.ne.jp,Male,18.117.253.152
244,Nollie,Menichelli,nmenichelli6r@sitemeter.com,Male,162.149.64.167
245,Lukas,Da Costa,ldacosta6s@bloglines.com,Male,204.101.179.128
246,Thorin,Martinson,tmartinson6t@goo.gl,Male,136.195.210.41
247,Brenn,Veschi,bveschi6u@imdb.com,Female,114.110.0.10
248,Tresa,Suttle,tsuttle6v@moonfruit.com,Female,178.248.253.34
249,Julienne,Singh,jsingh6w@elegantthemes.com,Female,244.62.129.149
250,Eldredge,Gouck,egouck6x@usda.gov,Male,190.49.218.72
251,Devi,Cleatherow,dcleatherow6y@51.la,Female,255.185.163.9
252,Haslett,Bastick,hbastick6z@yolasite.com,Male,196.109.179.109
253,Pryce,Mullaney,pmullaney70@ucla.edu,Male,20.72.217.158
254,Clary,Sheeres,csheeres71@google.co.uk,Female,38.128.61.207
255,Averil,Jardine,ajardine72@nyu.edu,Female,181.172.50.36
256,Tobe,Nurny,tnurny73@state.gov,Female,97.242.31.245
257,Janeva,Clegg,jclegg74@furl.net,Female,164.13.60.135
258,Marlena,Rilston,mrilston75@furl.net,Female,61.242.151.135
259,Tedra,Durham,tdurham76@deliciousdays.com,Female,19.66.74.164
260,Rachelle,Fretson,rfretson77@weather.com,Female,3.156.173.239
261,Julissa,MacGilpatrick,jmacgilpatrick78@bloglines.com,Female,185.66.236.67
262,Charlotte,Shellshear,cshellshear79@bandcamp.com,Female,114.57.252.165
263,Delmore,Dwight,ddwight7a@admin.ch,Male,241.37.133.137
264,Drusi,Dudhill,ddudhill7b@patch.com,Female,177.208.3.131
265,Towney,Tremollet,ttremollet7c@usda.gov,Male,73.203.154.186
266,Natasha,Lghan,nlghan7d@narod.ru,Female,140.16.17.190
267,Towny,Jenkinson,tjenkinson7e@nature.com,Male,224.105.6.73
268,Gilemette,Yakunchikov,gyakunchikov7f@google.com,Female,58.151.129.112
269,Bertie,Berge,bberge7g@example.com,Male,42.217.175.65
270,Stearn,Mannock,smannock7h@google.cn,Male,133.181.153.2
271,Julianna,Allnutt,jallnutt7i@symantec.com,Female,117.73.5.25
272,Maris,Measor,mmeasor7j@google.fr,Female,53.103.112.251
273,Fredia,Swaite,fswaite7k@goo.gl,Female,59.53.118.75
274,Desmund,Lucken,dlucken7l@mtv.com,Male,221.179.208.31
275,Emmaline,Bester,ebester7m@alexa.com,Female,130.19.157.17
276,Burr,Alelsandrowicz,balelsandrowicz7n@yahoo.com,Male,42.67.23.14
277,Enrika,Boc,eboc7o@ucoz.com,Female,2.49.150.8
278,Jasen,Kobpal,jkobpal7p@deliciousdays.com,Male,77.247.113.29
279,Nels,Thackwray,nthackwray7q@harvard.edu,Male,30.140.227.231
280,Kermie,Turmall,kturmall7r@bbb.org,Male,91.52.115.232
281,Sibella,Jailler,sjailler7s@parallels.com,Female,126.19.36.51
282,Shalna,Rowantree,srowantree7t@meetup.com,Female,92.82.45.14
283,Egon,Poole,epoole7u@wp.com,Male,47.209.78.50
284,Bone,Llewelly,bllewelly7v@harvard.edu,Male,94.202.162.74
285,Theadora,Whitefoot,twhitefoot7w@blinklist.com,Female,204.174.61.232
286,Basil,Good,bgood7x@dion.ne.jp,Male,103.38.15.4
287,Launce,Mc Gaughey,lmcgaughey7y@cdc.gov,Male,207.157.252.12
288,Meris,Gallegos,mgallegos7z@dailymotion.com,Female,238.127.40.30
289,Willy,MacLachlan,wmaclachlan80@jalbum.net,Male,17.227.38.219
290,Yuri,Lesper,ylesper81@gov.uk,Male,76.21.48.12
291,Bev,Canham,bcanham82@livejournal.com,Male,100.16.12.95
292,Pris,Jammet,pjammet83@reverbnation.com,Female,152.101.43.103
293,Petronella,Gueny,pgueny84@diigo.com,Female,90.188.200.232
294,Maurene,Humbie,mhumbie85@barnesandnoble.com,Female,237.125.1.28
295,Ulises,Martinho,umartinho86@nydailynews.com,Male,220.51.109.93
296,Aubry,Garrioch,agarrioch87@sbwire.com,Female,194.148.24.110
297,Fraze,Hunte,fhunte88@google.de,Male,212.175.124.64
298,Brantley,Slocum,bslocum89@squarespace.com,Male,65.115.168.75
299,Ryann,Baldrey,rbaldrey8a@prlog.org,Female,228.170.30.210
300,Maia,Shields,mshields8b@phoca.cz,Female,75.238.17.151
301,Collete,Neasham,cneasham8c@wix.com,Female,191.239.6.45
302,Terence,Parr,tparr8d@sakura.ne.jp,Male,50.23.56.210
303,Gussie,Waywell,gwaywell8e@free.fr,Female,37.201.18.38
304,Yul,Carren,ycarren8f@ning.com,Male,255.156.197.84
305,Ardyce,Cluely,acluely8g@statcounter.com,Female,99.93.110.250
306,Forster,Bice,fbice8h@trellian.com,Male,224.232.175.88
307,Josh,Soall,jsoall8i@macromedia.com,Male,166.207.35.103
308,Zelda,Beecker,zbeecker8j@oakley.com,Female,103.216.249.106
309,Winnah,Assinder,wassinder8k@jalbum.net,Female,74.162.234.131
310,Ailsun,Kean,akean8l@opera.com,Female,200.179.101.218
311,Zitella,MacCaughen,zmaccaughen8m@amazon.co.uk,Female,119.139.54.107
312,Carole,Van Eeden,cvaneeden8n@ted.com,Female,13.122.102.152
313,Jesse,Mainstone,jmainstone8o@time.com,Male,93.10.237.157
314,Gerrie,Mabbutt,gmabbutt8p@slashdot.org,Female,225.190.180.224
315,Miles,Pyson,mpyson8q@nymag.com,Male,227.114.222.75
316,Bianca,Gulc,bgulc8r@ezinearticles.com,Female,242.222.212.168
317,Augustus,Vooght,avooght8s@sitemeter.com,Male,172.95.57.78
318,Osborn,Heed,oheed8t@discovery.com,Male,142.164.18.31
319,Rance,Twist,rtwist8u@usnews.com,Male,174.204.77.239
320,Kay,Schoffler,kschoffler8v@feedburner.com,Female,20.97.219.216
321,Reinold,Provest,rprovest8w@smh.com.au,Male,48.117.192.2
322,Clemmy,McLachlan,cmclachlan8x@jigsy.com,Female,186.251.142.115
323,Sammy,Mityushkin,smityushkin8y@harvard.edu,Female,11.155.65.218
324,Feodora,Leatherland,fleatherland8z@issuu.com,Female,10.94.74.45
325,Maible,McCerery,mmccerery90@etsy.com,Female,230.191.149.30
326,Savina,Derye-Barrett,sderyebarrett91@adobe.com,Female,196.235.30.65
327,Osborne,Bonney,obonney92@engadget.com,Male,28.192.230.60
328,Corliss,Grewcock,cgrewcock93@earthlink.net,Female,167.13.51.164
329,Homere,Berndtssen,hberndtssen94@ibm.com,Male,128.217.48.37
330,Jolyn,Cullen,jcullen95@naver.com,Female,242.183.98.125
331,Scotty,Jeness,sjeness96@wisc.edu,Male,115.123.250.56
332,Nicola,Karpenko,nkarpenko97@xinhuanet.com,Male,0.81.9.163
333,Freedman,Lee,flee98@elpais.com,Male,26.231.220.175
334,Ralf,Brookshaw,rbrookshaw99@arizona.edu,Male,130.66.105.186
335,Pincus,Crop,pcrop9a@amazon.com,Male,229.19.133.106
336,Jermaine,Wauchope,jwauchope9b@vinaora.com,Male,218.45.110.202
337,Cody,Calway,ccalway9c@studiopress.com,Male,240.207.207.129
338,Issiah,Harcase,iharcase9d@deviantart.com,Male,201.29.190.123
339,Andie,Amar,aamar9e@patch.com,Male,87.19.147.11
340,Emmie,Broschek,ebroschek9f@simplemachines.org,Female,121.73.100.245
341,Ingram,Bohden,ibohden9g@walmart.com,Male,95.34.146.45
342,Salim,Mathiasen,smathiasen9h@utexas.edu,Male,68.100.83.2
343,Carleen,Morican,cmorican9i@army.mil,Female,49.252.222.15
344,Somerset,Leatt,sleatt9j@nsw.gov.au,Male,19.146.97.75
345,Suellen,Grasha,sgrasha9k@goodreads.com,Female,19.105.248.123
346,Hamlin,Isac,hisac9l@ted.com,Male,221.224.67.235
347,Hercule,Ammer,hammer9m@drupal.org,Male,134.39.128.63
348,Roselin,Tibb,rtibb9n@wordpress.com,Female,71.8.105.35
349,Niel,Dene,ndene9o@reverbnation.com,Male,174.203.222.175
350,Northrop,O'Sirin,nosirin9p@addtoany.com,Male,206.68.1.49
351,Eolanda,Stallworth,estallworth9q@ox.ac.uk,Female,28.109.96.100
352,Fran,Bricknell,fbricknell9r@storify.com,Male,30.163.47.190
353,Thaine,Gayler,tgayler9s@miibeian.gov.cn,Male,18.106.253.90
354,Tiffi,Succamore,tsuccamore9t@ocn.ne.jp,Female,77.187.71.249
355,Dredi,Rougier,drougier9u@1und1.de,Female,8.8.132.176
356,Jonie,Bendon,jbendon9v@is.gd,Female,194.193.211.239
357,Celina,Keedwell,ckeedwell9w@nih.gov,Female,117.4.194.124
358,Livvie,Nystrom,lnystrom9x@latimes.com,Female,219.56.235.100
359,Melosa,Pettendrich,mpettendrich9y@blogtalkradio.com,Female,243.239.1.88
360,Natalya,Spinetti,nspinetti9z@umn.edu,Female,250.218.175.165
361,Olly,Halls,ohallsa0@youtube.com,Male,192.226.177.149
362,Matthieu,Oliva,molivaa1@ifeng.com,Male,87.155.236.113
363,Dionis,Dzeniskevich,ddzeniskevicha2@mlb.com,Female,145.74.15.17
364,Carline,Ales,calesa3@google.fr,Female,229.113.121.57
365,Galvin,Featley,gfeatleya4@harvard.edu,Male,196.8.112.108
366,Mavis,O'Fergus,mofergusa5@rediff.com,Female,141.99.110.246
367,Dulcy,Aldren,daldrena6@thetimes.co.uk,Female,101.51.183.65
368,Elke,Gilliatt,egilliatta7@weather.com,Female,167.177.172.53
369,Wallis,Adriano,wadrianoa8@photobucket.com,Male,245.207.157.51
370,Wash,Perche,wperchea9@imageshack.us,Male,27.203.49.226
371,Mervin,Druce,mdruceaa@home.pl,Male,114.60.67.128
372,Robinia,Fawssett,rfawssettab@reddit.com,Female,119.77.193.15
373,Ivie,Taleworth,italeworthac@indiegogo.com,Female,241.232.184.223
374,Thebault,Wehnerr,twehnerrad@earthlink.net,Male,52.199.104.251
375,Marnie,Merida,mmeridaae@springer.com,Female,99.211.85.157
376,Kit,Hulkes,khulkesaf@adobe.com,Male,178.136.31.154
377,Bird,Yanson,byansonag@cbsnews.com,Female,122.134.101.117
378,Donna,Tims,dtimsah@ucoz.com,Female,23.107.174.227
379,Gayle,Manterfield,gmanterfieldai@icio.us,Male,197.170.25.171
380,Maxy,Roche,mrocheaj@quantcast.com,Female,43.8.54.192
381,Wilma,Merredy,wmerredyak@multiply.com,Female,129.156.137.193
382,Kendra,Jacobs,kjacobsal@usa.gov,Female,157.71.56.57
383,Bastien,Brayn,bbraynam@sun.com,Male,143.243.47.255
384,Gregorius,Ackenson,gackensonan@nhs.uk,Male,143.175.220.82
385,Hedy,Pickover,hpickoverao@dagondesign.com,Female,216.98.138.91
386,Brade,Chaize,bchaizeap@comcast.net,Male,79.154.51.74
387,Obie,Metrick,ometrickaq@europa.eu,Male,219.225.24.81
388,Glory,Montes,gmontesar@moonfruit.com,Female,213.231.169.194
389,Halley,Sidebotton,hsidebottonas@guardian.co.uk,Female,44.4.33.228
390,Arne,McMakin,amcmakinat@biglobe.ne.jp,Male,3.153.27.224
391,Nikkie,Broomhall,nbroomhallau@g.co,Female,3.197.189.106
392,Malvin,Reihm,mreihmav@ehow.com,Male,67.40.152.164
393,Renata,Briztman,rbriztmanaw@go.com,Female,167.14.171.174
394,Christie,Avrahamy,cavrahamyax@ovh.net,Female,242.192.223.180
395,Wileen,Iacavone,wiacavoneay@boston.com,Female,84.32.133.173
396,Stephie,Penny,spennyaz@liveinternet.ru,Female,214.72.241.242
397,Marnia,Gayforth,mgayforthb0@shop-pro.jp,Female,164.78.53.61
398,Jackie,Curee,jcureeb1@youku.com,Female,44.189.124.116
399,Jerrold,Dafydd,jdafyddb2@paypal.com,Male,227.195.239.28
400,Casi,Chevin,cchevinb3@nydailynews.com,Female,233.165.178.187
401,Edi,Growy,egrowyb4@e-recht24.de,Female,10.153.205.149
402,Dieter,Dormon,ddormonb5@rakuten.co.jp,Male,45.242.230.219
403,Wilbur,Hydes,whydesb6@hatena.ne.jp,Male,78.160.166.242
404,Holly-anne,Melding,hmeldingb7@wikimedia.org,Female,161.59.230.65
405,Dunc,Shalders,dshaldersb8@istockphoto.com,Male,145.186.58.249
406,Gertie,Berk,gberkb9@examiner.com,Female,112.146.106.140
407,Reynard,Tipton,rtiptonba@washingtonpost.com,Male,150.140.240.220
408,Lazar,Janton,ljantonbb@icio.us,Male,55.11.178.191
409,Carolan,Shurrocks,cshurrocksbc@hud.gov,Female,74.5.128.4
410,Phillipe,Farrell,pfarrellbd@slate.com,Male,75.67.42.134
411,Kial,Cowely,kcowelybe@cocolog-nifty.com,Female,88.91.0.12
412,Nick,Jeavons,njeavonsbf@google.cn,Male,183.248.4.159
413,Brade,Fiveash,bfiveashbg@cargocollective.com,Male,154.50.65.89
414,Gay,MacCarroll,gmaccarrollbh@tinypic.com,Male,51.110.219.95
415,Rolando,Geane,rgeanebi@photobucket.com,Male,137.74.37.224
416,Ezechiel,Shilburne,eshilburnebj@printfriendly.com,Male,86.122.57.59
417,Gustav,Fossick,gfossickbk@techcrunch.com,Male,61.138.241.21
418,Rozina,Jeynes,rjeynesbl@nba.com,Female,188.17.83.16
419,Carla,Eskriett,ceskriettbm@tinypic.com,Female,100.5.187.130
420,Martha,Keane,mkeanebn@tinyurl.com,Female,12.182.229.158
421,Bryant,Youngman,byoungmanbo@wunderground.com,Male,50.218.1.15
422,Basil,Avory,bavorybp@123-reg.co.uk,Male,26.15.132.79
423,Aguistin,Ferrotti,aferrottibq@imgur.com,Male,173.88.114.239
424,Lowell,Jahner,ljahnerbr@nhs.uk,Male,65.68.247.172
425,Stan,Nattrass,snattrassbs@mashable.com,Male,238.135.85.85
426,Ernie,Smee,esmeebt@google.de,Male,106.90.95.83
427,Fidelity,Beadel,fbeadelbu@statcounter.com,Female,254.148.38.45
428,Kipper,Scatcher,kscatcherbv@cafepress.com,Male,137.100.153.114
429,Eugen,Udale,eudalebw@ehow.com,Male,80.94.244.0
430,Neille,Hawkin,nhawkinbx@apache.org,Female,18.179.57.185
431,Frannie,Panniers,fpanniersby@amazon.co.jp,Male,84.66.4.32
432,See,Rohlfs,srohlfsbz@amazon.co.uk,Male,95.192.10.140
433,Worthy,Brommage,wbrommagec0@issuu.com,Male,244.54.46.34
434,Jillane,Lehr,jlehrc1@angelfire.com,Female,205.67.105.13
435,Fonsie,Bortolozzi,fbortolozzic2@bravesites.com,Male,165.44.40.132
436,Shelby,Andrejs,sandrejsc3@gov.uk,Female,215.228.227.201
437,Niles,Eacott,neacottc4@archive.org,Male,8.226.94.52
438,Walther,Grzeszczyk,wgrzeszczykc5@reuters.com,Male,133.4.136.118
439,Gary,Mullin,gmullinc6@woothemes.com,Male,166.101.190.50
440,Claudian,Hambatch,chambatchc7@delicious.com,Male,152.168.48.207
441,Sanderson,Bortolotti,sbortolottic8@networksolutions.com,Male,248.204.28.160
442,Thor,Blakden,tblakdenc9@rediff.com,Male,54.125.60.120
443,Gayle,Beare,gbeareca@sina.com.cn,Male,50.226.199.1
444,Doralynn,Ciccerale,dcicceralecb@cpanel.net,Female,21.47.69.71
445,Gran,Manketell,gmanketellcc@telegraph.co.uk,Male,51.41.152.179
446,Deana,Thorp,dthorpcd@nydailynews.com,Female,17.172.162.1
447,Giusto,Murdie,gmurdiece@theglobeandmail.com,Male,98.164.243.106
448,Romeo,Habbershon,rhabbershoncf@example.com,Male,62.147.167.49
449,Lew,Ravilus,lraviluscg@java.com,Male,203.186.54.250
450,Othello,Demicoli,odemicolich@i2i.jp,Male,40.26.102.117
451,Isa,Chettoe,ichettoeci@diigo.com,Female,203.128.96.76
452,Violet,Melmar,vmelmarcj@icq.com,Female,211.226.73.226
453,Renata,Rymour,rrymourck@ucla.edu,Female,249.14.181.2
454,Judy,Alexsandrovich,jalexsandrovichcl@blinklist.com,Female,248.41.195.123
455,Meghann,Jallin,mjallincm@dmoz.org,Female,246.132.207.172
456,Fletcher,Stucksbury,fstucksburycn@mozilla.com,Male,91.50.58.108
457,Des,McArte,dmcarteco@clickbank.net,Male,67.28.211.25
458,Pauletta,Kimber,pkimbercp@dedecms.com,Female,127.24.186.57
459,Madelle,Petersen,mpetersencq@miibeian.gov.cn,Female,218.45.206.111
460,Almire,Pretti,apretticr@ycombinator.com,Female,34.18.85.191
461,Guilbert,Wilgar,gwilgarcs@bbc.co.uk,Male,183.250.137.17
462,Claudina,Walch,cwalchct@biglobe.ne.jp,Female,4.155.92.180
463,Cherilyn,Minors,cminorscu@miitbeian.gov.cn,Female,43.130.162.45
464,Zacharia,Screen,zscreencv@soundcloud.com,Male,81.35.202.146
465,Alasdair,Clemmitt,aclemmittcw@nationalgeographic.com,Male,23.0.157.227
466,Nicholas,Mish,nmishcx@ibm.com,Male,0.79.223.153
467,Jerome,Arter,jartercy@odnoklassniki.ru,Male,66.200.88.92
468,Marietta,Ahrens,mahrenscz@acquirethisname.com,Female,128.58.145.184
469,Guthrie,Smoughton,gsmoughtond0@issuu.com,Male,98.127.80.67
470,Daveta,Doppler,ddopplerd1@cnet.com,Female,82.67.169.136
471,Kaitlynn,Das,kdasd2@epa.gov,Female,17.170.165.114
472,Thorpe,Espadate,tespadated3@redcross.org,Male,231.113.189.210
473,Hillard,Donnachie,hdonnachied4@hatena.ne.jp,Male,107.99.112.192
474,Marcela,Kagan,mkagand5@walmart.com,Female,4.240.21.231
475,Portie,O'Dempsey,podempseyd6@ameblo.jp,Male,102.97.204.210
476,Lynna,McKibben,lmckibbend7@stumbleupon.com,Female,246.209.225.201
477,Carlo,Dunnaway,cdunnawayd8@apache.org,Male,167.116.88.143
478,Cathrin,Souter,csouterd9@people.com.cn,Female,126.31.117.142
479,Raleigh,Lock,rlockda@newsvine.com,Male,72.111.119.84
480,Kalina,Canellas,kcanellasdb@youtu.be,Female,220.242.235.152
481,Tuckie,Coppens,tcoppensdc@nbcnews.com,Male,188.225.145.228
482,Beatrice,Miranda,bmirandadd@linkedin.com,Female,211.164.77.94
483,Andria,Trayton,atraytonde@canalblog.com,Female,135.189.115.125
484,Donn,Randal,drandaldf@fastcompany.com,Male,48.219.71.135
485,Emmet,Godleman,egodlemandg@uiuc.edu,Male,13.214.16.21
486,Lynette,Matczak,lmatczakdh@mlb.com,Female,199.175.165.157
487,Dorisa,Scrinage,dscrinagedi@discuz.net,Female,76.226.132.42
488,Fielding,Abrami,fabramidj@baidu.com,Male,75.194.71.142
489,Amity,Levesque,alevesquedk@mysql.com,Female,213.67.166.72
490,Cherida,Woloschin,cwoloschindl@mac.com,Female,108.236.122.64
491,Caspar,Hansed,chanseddm@mashable.com,Male,19.209.29.247
492,Barby,Mogg,bmoggdn@vimeo.com,Female,35.184.87.58
493,Tobey,Wharf,twharfdo@seattletimes.com,Female,101.206.161.93
494,Lay,Van Daalen,lvandaalendp@discovery.com,Male,229.140.202.175
495,Issiah,Ruscoe,iruscoedq@issuu.com,Male,12.41.140.149
496,Pepe,Wait,pwaitdr@aboutads.info,Male,16.200.249.235
497,Lemuel,Lepick,llepickds@google.nl,Male,106.255.97.189
498,Prudence,Cowen,pcowendt@umich.edu,Female,75.227.8.114
499,Collin,BURWIN,cburwindu@webmd.com,Male,217.68.208.137
500,Shepard,Amber,samberdv@patch.com,Male,200.254.74.126
501,Kellina,Jerrom,kjerromdw@php.net,Female,166.131.39.68
502,Jock,Walley,jwalleydx@amazonaws.com,Male,233.113.68.210
503,Amii,Goldstraw,agoldstrawdy@alibaba.com,Female,18.84.17.95
504,Elvyn,Mettrick,emettrickdz@cmu.edu,Male,197.21.192.160
505,Simmonds,Davidofski,sdavidofskie0@adobe.com,Male,13.31.133.10
506,Clemence,Muckart,cmuckarte1@bloglovin.com,Female,191.6.134.76
507,Pippo,Menichini,pmenichinie2@baidu.com,Male,59.218.42.67
508,Dulcea,Guerreru,dguerrerue3@nytimes.com,Female,98.164.9.101
509,Moreen,Trevino,mtrevinoe4@mlb.com,Female,131.194.30.219
510,Sheilah,Orton,sortone5@bizjournals.com,Female,247.115.133.50
511,Luis,Nouch,lnouche6@usda.gov,Male,18.105.40.137
512,Cherida,Dobinson,cdobinsone7@weebly.com,Female,209.83.59.3
513,Christopher,Itzkovwitch,citzkovwitche8@epa.gov,Male,198.73.100.153
514,Lu,Cosh,lcoshe9@devhub.com,Female,18.128.64.145
515,Chastity,Boyland,cboylandea@seattletimes.com,Female,155.12.194.83
516,Nani,Ince,ninceeb@unicef.org,Female,129.220.251.179
517,Darrell,Hallen,dhallenec@nytimes.com,Male,146.234.57.88
518,Bonnee,Craggs,bcraggsed@pbs.org,Female,248.190.188.190
519,Mord,Dyte,mdyteee@accuweather.com,Male,51.93.203.102
520,Hugibert,Torr,htorref@chicagotribune.com,Male,174.249.63.24
521,Trefor,Kidman,tkidmaneg@blogs.com,Male,12.135.52.86
522,Kaitlin,Bygate,kbygateeh@irs.gov,Female,29.147.135.145
523,Crichton,Skelhorn,cskelhornei@intel.com,Male,128.242.86.230
524,Dani,Valens-Smith,dvalenssmithej@yellowpages.com,Female,186.244.141.80
525,Fredelia,Fitzpatrick,ffitzpatrickek@free.fr,Female,95.176.170.86
526,Norma,Pilmore,npilmoreel@w3.org,Female,195.243.48.168
527,Andy,Thiolier,athiolierem@tmall.com,Male,11.248.139.160
528,Andre,Cramond,acramonden@com.com,Male,214.101.220.231
529,Peirce,Bentham,pbenthameo@yale.edu,Male,35.115.83.225
530,Shelley,Dunster,sdunsterep@ihg.com,Male,125.200.142.3
531,Gustaf,Seabridge,gseabridgeeq@ft.com,Male,157.35.139.238
532,Ninon,Garstan,ngarstaner@infoseek.co.jp,Female,154.202.81.187
533,Arty,Barhems,abarhemses@networksolutions.com,Male,24.110.210.53
534,Courtney,Birth,cbirthet@geocities.com,Female,29.86.188.199
535,See,Renehan,srenehaneu@sfgate.com,Male,221.52.11.24
536,Helenka,Pilbury,hpilburyev@ucoz.com,Female,59.240.174.102
537,Shaylynn,Perell,sperellew@diigo.com,Female,88.16.225.129
538,Cordie,Dallicoat,cdallicoatex@yale.edu,Male,51.199.59.211
539,Marion,Edgeler,medgelerey@woothemes.com,Male,93.141.85.93
540,Daryle,Crockett,dcrockettez@harvard.edu,Male,141.142.188.146
541,Calla,Hasted,chastedf0@gizmodo.com,Female,80.195.24.66
542,Valli,Stoak,vstoakf1@imdb.com,Female,56.33.6.32
543,Clyve,Tingly,ctinglyf2@cdc.gov,Male,132.119.217.197
544,Waylen,Risbrough,wrisbroughf3@delicious.com,Male,234.3.44.101
545,Ewart,Izakov,eizakovf4@accuweather.com,Male,14.170.201.140
546,Claudius,Darell,cdarellf5@indiegogo.com,Male,205.217.181.138
547,Sherline,Lanahan,slanahanf6@vinaora.com,Female,62.213.139.85
548,Justine,Bourley,jbourleyf7@howstuffworks.com,Female,136.131.87.18
549,Odilia,Handsheart,ohandsheartf8@rediff.com,Female,94.21.72.207
550,Early,Pegden,epegdenf9@bluehost.com,Male,208.66.7.169
551,Robby,Oulet,rouletfa@simplemachines.org,Female,38.78.166.162
552,Trumann,Batch,tbatchfb@netvibes.com,Male,41.55.20.106
553,Winny,Delafont,wdelafontfc@rambler.ru,Female,98.62.134.235
554,Jaimie,Brosh,jbroshfd@biblegateway.com,Female,83.114.201.130
555,Alfred,Farland,afarlandfe@jigsy.com,Male,181.139.131.215
556,Rosemaria,Cauldwell,rcauldwellff@google.co.uk,Female,155.64.19.82
557,Maegan,Lindberg,mlindbergfg@wisc.edu,Female,66.232.189.30
558,Corella,Brosius,cbrosiusfh@scientificamerican.com,Female,83.249.42.39
559,Kincaid,Shyre,kshyrefi@weibo.com,Male,66.17.72.128
560,Lydon,Jirsa,ljirsafj@arstechnica.com,Male,37.146.6.89
561,Lou,Elders,leldersfk@cbslocal.com,Female,178.132.185.118
562,Orly,Avo,oavofl@yelp.com,Female,138.41.11.57
563,Murvyn,Arkcoll,markcollfm@loc.gov,Male,38.212.11.34
564,Ermengarde,Brotherwood,ebrotherwoodfn@i2i.jp,Female,52.216.176.20
565,Sherm,Gull,sgullfo@cisco.com,Male,195.125.219.84
566,Travus,Acklands,tacklandsfp@ibm.com,Male,231.31.52.251
567,Schuyler,Camings,scamingsfq@stanford.edu,Male,53.216.51.114
568,Druci,Laurand,dlaurandfr@blogs.com,Female,152.17.155.136
569,Tedda,Shuttlewood,tshuttlewoodfs@51.la,Female,30.41.182.223
570,Mattie,Hansed,mhansedft@t.co,Female,255.135.190.131
571,Artemis,Torres,atorresfu@123-reg.co.uk,Male,154.9.160.68
572,Lefty,Grieger,lgriegerfv@home.pl,Male,149.180.32.30
573,Regen,Sanchez,rsanchezfw@paypal.com,Male,248.176.118.67
574,Cynthea,Dellit,cdellitfx@ebay.com,Female,185.140.103.47
575,Andree,Beseke,abesekefy@github.io,Female,159.197.225.135
576,Onida,Imesson,oimessonfz@feedburner.com,Female,246.216.155.26
577,Car,Remon,cremong0@indiatimes.com,Male,154.201.187.173
578,Aldo,Faircliffe,afaircliffeg1@technorati.com,Male,15.126.15.85
579,Cecilius,Cornewell,ccornewellg2@biglobe.ne.jp,Male,193.29.147.206
580,Ralph,Spinage,rspinageg3@canalblog.com,Male,172.65.169.223
581,Georgeta,Haime,ghaimeg4@furl.net,Female,44.85.66.216
582,Krishnah,Elsley,kelsleyg5@nsw.gov.au,Male,254.148.19.41
583,Neilla,Paragreen,nparagreeng6@feedburner.com,Female,124.57.136.26
584,Edwin,Livoir,elivoirg7@lulu.com,Male,38.179.53.32
585,Oswald,Dunmore,odunmoreg8@artisteer.com,Male,66.60.50.28
586,Markos,Agdahl,magdahlg9@google.es,Male,155.33.50.28
587,Egbert,Enderson,eendersonga@npr.org,Male,151.224.71.56
588,Alia,Gilberthorpe,agilberthorpegb@vistaprint.com,Female,119.228.13.49
589,Claudetta,Knewstub,cknewstubgc@eepurl.com,Female,51.12.57.126
590,Dorice,Loxley,dloxleygd@latimes.com,Female,83.79.34.20
591,Hillery,Ahrenius,hahreniusge@google.co.jp,Male,148.115.84.173
592,Daria,Stoffer,dstoffergf@ocn.ne.jp,Female,215.207.241.221
593,Robers,Quemby,rquembygg@auda.org.au,Male,5.151.4.211
594,Kora,Dalyell,kdalyellgh@linkedin.com,Female,137.59.96.29
595,Rena,Letchmore,rletchmoregi@theglobeandmail.com,Female,94.88.80.187
596,Lauryn,Sherville,lshervillegj@unblog.fr,Female,63.219.105.198
597,Nanny,Barnewall,nbarnewallgk@europa.eu,Female,225.151.170.164
598,Breena,Grabiec,bgrabiecgl@zdnet.com,Female,77.29.23.162
599,Scarlet,Drane,sdranegm@paypal.com,Female,74.14.242.54
600,Orrin,Roeby,oroebygn@opensource.org,Male,4.46.176.56
601,Chelsey,Wardingley,cwardingleygo@marriott.com,Female,115.144.65.232
602,Llewellyn,McCaighey,lmccaigheygp@oaic.gov.au,Male,227.119.23.148
603,Aubrette,Bourley,abourleygq@ibm.com,Female,28.16.78.105
604,Lorrayne,Reedy,lreedygr@prlog.org,Female,208.144.108.227
605,Norene,Wagon,nwagongs@nps.gov,Female,170.198.169.156
606,Nannette,Scripture,nscripturegt@ucla.edu,Female,184.31.188.51
607,Eartha,Hartfield,ehartfieldgu@salon.com,Female,128.152.217.31
608,Dulcia,Asch,daschgv@creativecommons.org,Female,65.206.91.51
609,Merrill,Aizik,maizikgw@examiner.com,Male,0.29.24.26
610,Gar,Picken,gpickengx@devhub.com,Male,201.220.93.10
611,Fidole,Jacop,fjacopgy@bravesites.com,Male,27.62.200.77
612,Cahra,Disbury,cdisburygz@miibeian.gov.cn,Female,162.250.16.83
613,Lucilia,Dillingston,ldillingstonh0@vistaprint.com,Female,31.167.96.56
614,Henderson,Markie,hmarkieh1@nsw.gov.au,Male,176.199.184.69
615,Lise,Eddleston,leddlestonh2@typepad.com,Female,211.249.44.72
616,Barde,Rickardes,brickardesh3@dailymotion.com,Male,198.77.76.32
617,Ethe,Prickett,epricketth4@behance.net,Male,187.71.40.155
618,Cathee,Veld,cveldh5@ehow.com,Female,131.15.69.121
619,Lilias,Loades,lloadesh6@ucla.edu,Female,207.237.83.168
620,Flynn,Kimm,fkimmh7@usatoday.com,Male,109.160.98.27
621,Joela,Radloff,jradloffh8@state.gov,Female,124.28.186.239
622,Boot,Hawkings,bhawkingsh9@webs.com,Male,234.137.236.164
623,Karel,McSperron,kmcsperronha@mapquest.com,Male,226.5.160.198
624,Reamonn,Brooksby,rbrooksbyhb@twitter.com,Male,70.116.87.94
625,Sylvester,Jeffes,sjeffeshc@1688.com,Male,30.25.82.97
626,Abeu,Danter,adanterhd@jalbum.net,Male,163.245.200.203
627,Abel,Gerram,agerramhe@sfgate.com,Male,20.252.97.89
628,Fae,Castellaccio,fcastellacciohf@netvibes.com,Female,75.121.21.205
629,Moritz,Menpes,mmenpeshg@reverbnation.com,Male,79.180.114.83
630,Mohammed,Jaukovic,mjaukovichh@redcross.org,Male,59.241.236.117
631,Linn,Sloan,lsloanhi@wikispaces.com,Male,163.14.105.250
632,Taddeusz,Langrick,tlangrickhj@sina.com.cn,Male,87.219.205.122
633,Rance,De la Yglesia,rdelayglesiahk@free.fr,Male,189.204.86.130
634,Pete,Scotti,pscottihl@utexas.edu,Male,56.139.49.106
635,Lissa,Limbrick,llimbrickhm@wikia.com,Female,74.146.85.138
636,Alvy,Elsworth,aelsworthhn@upenn.edu,Male,105.27.31.83
637,Drew,Spinney,dspinneyho@businessinsider.com,Male,18.252.45.115
638,Mack,Brandom,mbrandomhp@privacy.gov.au,Male,12.235.50.23
639,Kim,Labb,klabbhq@nih.gov,Female,222.134.36.144
640,Gayleen,Gabey,ggabeyhr@amazon.co.jp,Female,156.4.179.160
641,Miquela,Joinsey,mjoinseyhs@amazon.co.jp,Female,99.188.216.27
642,Tamarra,Stileman,tstilemanht@addthis.com,Female,205.105.156.165
643,Delinda,Jan,djanhu@ted.com,Female,243.141.81.199
644,Bevon,Snowman,bsnowmanhv@china.com.cn,Male,21.185.228.124
645,Celie,Huygen,chuygenhw@seesaa.net,Female,207.166.196.221
646,Howey,Trobe,htrobehx@accuweather.com,Male,178.31.128.67
647,Fred,Santer,fsanterhy@t.co,Male,176.211.216.212
648,Della,Hammerstone,dhammerstonehz@theguardian.com,Female,104.79.170.231
649,Cissy,Kilmartin,ckilmartini0@gmpg.org,Female,42.164.115.57
650,Amery,Carbry,acarbryi1@tiny.cc,Male,56.227.174.10
651,Moses,Sherebrook,msherebrooki2@netscape.com,Male,168.207.179.142
652,Naoma,Mutter,nmutteri3@devhub.com,Female,235.204.89.72
653,Glenine,Dosedale,gdosedalei4@google.ca,Female,139.90.136.9
654,Tracey,Habble,thabblei5@businessinsider.com,Female,179.97.210.220
655,Hewitt,Scholtis,hscholtisi6@cargocollective.com,Male,37.114.197.7
656,Janifer,Goghin,jgoghini7@mac.com,Female,247.168.134.91
657,Roddy,Gravatt,rgravatti8@google.ru,Male,222.175.174.100
658,Sherrie,Enderby,senderbyi9@addtoany.com,Female,58.76.99.80
659,Alli,Rudsdale,arudsdaleia@desdev.cn,Female,107.226.89.148
660,Grannie,Keely,gkeelyib@jimdo.com,Male,166.207.31.102
661,Basil,Hallawell,bhallawellic@nationalgeographic.com,Male,160.74.169.171
662,Oona,Montel,omontelid@cmu.edu,Female,46.61.197.161
663,Adriana,Hoopper,ahoopperie@technorati.com,Female,188.177.187.33
664,Ula,Carverhill,ucarverhillif@hatena.ne.jp,Female,43.253.121.179
665,Marina,Speeding,mspeedingig@issuu.com,Female,85.152.25.147
666,Chloette,Spurriar,cspurriarih@newyorker.com,Female,166.110.139.215
667,Audrie,Kliemke,akliemkeii@bloglovin.com,Female,10.244.105.55
668,Hermina,Rendall,hrendallij@yale.edu,Female,110.99.222.198
669,Evelyn,Whitear,ewhitearik@disqus.com,Male,230.108.238.19
670,Ina,Gallager,igallageril@whitehouse.gov,Female,147.16.238.42
671,Bert,Lupton,bluptonim@addthis.com,Male,11.100.229.140
672,Stanislas,Grist,sgristin@nymag.com,Male,153.97.9.255
673,Janos,Grenville,jgrenvilleio@phoca.cz,Male,104.50.242.109
674,Clement,Shipston,cshipstonip@ehow.com,Male,37.6.87.151
675,Constantino,Creswell,ccreswelliq@house.gov,Male,194.82.95.168
676,Kelly,Twigge,ktwiggeir@joomla.org,Male,125.223.39.38
677,Diandra,Coombes,dcoombesis@phpbb.com,Female,37.215.103.238
678,Ulises,Venton,uventonit@sina.com.cn,Male,142.119.71.53
679,Claudian,Lyddy,clyddyiu@weather.com,Male,42.232.240.176
680,Danella,Swindley,dswindleyiv@washingtonpost.com,Female,28.245.75.65
681,Tully,Mewton,tmewtoniw@home.pl,Male,88.32.0.35
682,Natale,Kimbley,nkimbleyix@cmu.edu,Male,60.241.39.103
683,Jecho,Spon,jsponiy@google.pl,Male,111.114.169.212
684,Abbey,Harrinson,aharrinsoniz@nature.com,Female,96.212.89.0
685,Alexia,Rown,arownj0@blogtalkradio.com,Female,43.5.34.202
686,Amabelle,Bettleson,abettlesonj1@mapy.cz,Female,93.6.184.183
687,Ky,Stubbington,kstubbingtonj2@about.me,Male,189.135.243.120
688,Eyde,Willsmore,ewillsmorej3@printfriendly.com,Female,251.177.114.74
689,Bernard,Elijahu,belijahuj4@yellowbook.com,Male,21.253.37.84
690,Shellie,McGarva,smcgarvaj5@123-reg.co.uk,Female,242.88.21.130
691,Keane,Farris,kfarrisj6@eventbrite.com,Male,144.181.97.130
692,Isaiah,Bradbeer,ibradbeerj7@de.vu,Male,24.63.192.35
693,Fania,Kinde,fkindej8@acquirethisname.com,Female,118.186.34.136
694,Lauri,Errey,lerreyj9@slate.com,Female,178.49.12.230
695,Kirk,Goodswen,kgoodswenja@i2i.jp,Male,232.164.250.252
696,Harrietta,Cargen,hcargenjb@un.org,Female,231.193.150.192
697,Gregorius,Casari,gcasarijc@shareasale.com,Male,48.22.214.71
698,Gardiner,Stansbury,gstansburyjd@bigcartel.com,Male,245.22.134.128
699,Antonina,Wildish,awildishje@unc.edu,Female,181.54.127.186
700,Doyle,Wetherill,dwetherilljf@t-online.de,Male,224.66.133.87
701,Jessa,Kime,jkimejg@phoca.cz,Female,223.209.61.152
702,Skipp,Archanbault,sarchanbaultjh@gravatar.com,Male,131.111.79.230
703,Clementius,Birt,cbirtji@blinklist.com,Male,165.118.207.119
704,Tobias,Blakely,tblakelyjj@google.com.au,Male,17.171.98.122
705,Mathew,Denzey,mdenzeyjk@wufoo.com,Male,22.214.138.42
706,Lira,Bourdis,lbourdisjl@ameblo.jp,Female,116.95.86.155
707,Agnella,Madelin,amadelinjm@naver.com,Female,158.27.16.136
708,Lorette,Toffano,ltoffanojn@nba.com,Female,75.106.130.100
709,Malia,Cota,mcotajo@netvibes.com,Female,177.51.50.130
710,Robert,Willis,rwillisjp@simplemachines.org,Male,39.20.27.220
711,Erick,Earles,eearlesjq@cam.ac.uk,Male,255.85.108.151
712,Taryn,Pickaver,tpickaverjr@nsw.gov.au,Female,5.128.30.210
713,Tabb,Lait,tlaitjs@bigcartel.com,Male,149.100.215.83
714,Natalee,Bent,nbentjt@canalblog.com,Female,210.91.6.28
715,Maisey,Jedrzej,mjedrzejju@w3.org,Female,71.5.28.113
716,Dell,Toping,dtopingjv@miibeian.gov.cn,Male,115.16.213.107
717,Gloria,Wavell,gwavelljw@loc.gov,Female,4.42.158.73
718,Ingra,Rosingdall,irosingdalljx@gravatar.com,Male,94.63.79.226
719,Jarad,Robb,jrobbjy@surveymonkey.com,Male,224.223.19.255
720,Chloe,Tradewell,ctradewelljz@tamu.edu,Female,132.73.117.170
721,Timmy,Gainsford,tgainsfordk0@opera.com,Female,53.59.40.237
722,Latrina,Vaadeland,lvaadelandk1@seesaa.net,Female,31.11.76.254
723,Christy,Theobold,ctheoboldk2@arstechnica.com,Male,12.229.226.16
724,Madison,Segoe,msegoek3@i2i.jp,Male,59.209.202.186
725,Francene,Seden,fsedenk4@shutterfly.com,Female,211.151.88.15
726,Sara-ann,Ceci,scecik5@163.com,Female,122.143.143.102
727,Rinaldo,Jeffree,rjeffreek6@so-net.ne.jp,Male,88.63.151.69
728,Lennard,Yousef,lyousefk7@dmoz.org,Male,68.218.26.180
729,Dionne,Bomb,dbombk8@purevolume.com,Female,229.56.145.74
730,Tania,Gawn,tgawnk9@odnoklassniki.ru,Female,119.41.197.49
731,Prissie,Bett,pbettka@xinhuanet.com,Female,182.161.168.173
732,Julian,Bradley,jbradleykb@unesco.org,Male,40.165.238.70
733,Augustin,Fuxman,afuxmankc@ed.gov,Male,223.122.48.101
734,Godwin,Sysland,gsyslandkd@cocolog-nifty.com,Male,247.250.17.217
735,Roderic,Blackhurst,rblackhurstke@mysql.com,Male,226.185.169.198
736,Gloria,McQuin,gmcquinkf@walmart.com,Female,174.50.173.202
737,Augusta,Duckhouse,aduckhousekg@salon.com,Female,210.61.151.220
738,Frances,Gander,fganderkh@theatlantic.com,Female,35.97.237.25
739,Gina,Oloshin,goloshinki@goo.ne.jp,Female,7.52.55.75
740,Brose,Guinery,bguinerykj@geocities.com,Male,211.91.231.1
741,Neale,Delahunt,ndelahuntkk@soup.io,Male,173.47.58.48
742,Dar,Colgrave,dcolgravekl@webmd.com,Male,248.119.246.69
743,Faber,Crowth,fcrowthkm@addtoany.com,Male,120.112.116.185
744,Issy,Antonellini,iantonellinikn@aol.com,Female,38.158.11.213
745,Chaunce,Di Maggio,cdimaggioko@tiny.cc,Male,142.177.65.178
746,Ellsworth,Mourgue,emourguekp@apple.com,Male,148.156.1.128
747,Bendix,Maffetti,bmaffettikq@cnbc.com,Male,220.159.156.166
748,Saul,Bennington,sbenningtonkr@tumblr.com,Male,226.184.142.245
749,Patsy,McDuff,pmcduffks@nih.gov,Female,9.130.59.116
750,Culver,Tavener,ctavenerkt@t.co,Male,199.149.82.53
751,Gail,Eisig,geisigku@squarespace.com,Male,152.166.87.255
752,Reade,Whittle,rwhittlekv@shutterfly.com,Male,243.112.108.105
753,Sharron,Chieco,schiecokw@sphinn.com,Female,246.30.155.209
754,Zita,Bridgestock,zbridgestockkx@ocn.ne.jp,Female,225.165.189.249
755,Amata,King,akingky@whitehouse.gov,Female,204.107.113.234
756,Norma,Hume,nhumekz@nbcnews.com,Female,139.17.66.212
757,Germaine,Merrifield,gmerrifieldl0@yahoo.co.jp,Female,42.84.34.46
758,Aleece,Mackiewicz,amackiewiczl1@typepad.com,Female,228.43.49.39
759,Wildon,Safhill,wsafhilll2@mapquest.com,Male,65.232.189.183
760,Marillin,Sego,msegol3@japanpost.jp,Female,138.0.248.110
761,Genna,Deakins,gdeakinsl4@sourceforge.net,Female,164.73.30.141
762,Vergil,Sharman,vsharmanl5@indiegogo.com,Male,219.107.106.65
763,Frederick,Cawthery,fcawtheryl6@tmall.com,Male,121.199.67.92
764,Joela,Churchill,jchurchilll7@sourceforge.net,Female,32.202.104.116
765,Boy,Ledram,bledraml8@shareasale.com,Male,188.192.17.145
766,Matthieu,Bilsland,mbilslandl9@oakley.com,Male,43.142.52.46
767,Conchita,Linny,clinnyla@chronoengine.com,Female,144.55.96.180
768,Heath,Blanko,hblankolb@zimbio.com,Male,1.174.1.89
769,Madelene,Kybird,mkybirdlc@dailymail.co.uk,Female,199.241.121.25
770,Arin,Murrigan,amurriganld@facebook.com,Male,21.100.169.33
771,Rex,Werner,rwernerle@google.com.au,Male,43.219.163.254
772,Lissie,Jorissen,ljorissenlf@webnode.com,Female,31.208.170.110
773,Mercedes,Karlolak,mkarlolaklg@fema.gov,Female,48.118.84.211
774,Constantine,Normavell,cnormavelllh@so-net.ne.jp,Male,27.126.192.117
775,Reba,Goom,rgoomli@usatoday.com,Female,153.35.21.11
776,Zsazsa,Plowman,zplowmanlj@friendfeed.com,Female,223.197.78.45
777,Casandra,Tressler,ctresslerlk@upenn.edu,Female,201.244.14.248
778,Gusty,Doneld,gdoneldll@feedburner.com,Female,147.55.1.138
779,Kacie,Wurz,kwurzlm@webs.com,Female,108.23.56.44
780,Russell,Ganning,rganningln@cargocollective.com,Male,1.4.33.135
781,Adelbert,Ivery,aiverylo@constantcontact.com,Male,118.115.70.228
782,Clarance,Klyner,cklynerlp@about.com,Male,137.182.221.21
783,Iorgos,Emmet,iemmetlq@google.com.br,Male,79.228.123.238
784,Ardyth,Treeby,atreebylr@umich.edu,Female,64.14.72.176
785,Alisun,Sawford,asawfordls@freewebs.com,Female,192.34.233.176
786,Gerrilee,Poulsom,gpoulsomlt@over-blog.com,Female,65.59.203.22
787,Brok,Bodycombe,bbodycombelu@weebly.com,Male,47.205.108.80
788,Carrol,Dannehl,cdannehllv@miibeian.gov.cn,Male,130.77.68.6
789,Lona,Stambridge,lstambridgelw@4shared.com,Female,46.31.241.7
790,Rosa,Medendorp,rmedendorplx@discuz.net,Female,21.45.254.165
791,Norma,Sango,nsangoly@noaa.gov,Female,217.39.199.220
792,Saleem,Mawhinney,smawhinneylz@godaddy.com,Male,134.243.143.239
793,Rowan,Brognot,rbrognotm0@tmall.com,Male,202.175.255.51
794,Jenilee,Bevens,jbevensm1@apache.org,Female,125.190.200.219
795,Karleen,Tidgewell,ktidgewellm2@nytimes.com,Female,83.209.54.159
796,Dulce,Slobom,dslobomm3@ow.ly,Female,137.244.119.144
797,Saxon,Gynni,sgynnim4@hc360.com,Male,101.20.170.123
798,Electra,Maddison,emaddisonm5@umn.edu,Female,173.66.1.181
799,Durant,Evequot,devequotm6@uol.com.br,Male,43.252.193.43
800,Zoe,McConachie,zmcconachiem7@sina.com.cn,Female,252.109.138.118
801,Jenn,Rocks,jrocksm8@sina.com.cn,Female,38.218.231.113
802,Zelig,Hans,zhansm9@opensource.org,Male,106.44.93.11
803,Denys,Whyard,dwhyardma@apple.com,Male,193.221.99.75
804,Pace,Boliver,pbolivermb@ft.com,Male,225.65.202.108
805,Hillel,Rolf,hrolfmc@ovh.net,Male,129.3.149.113
806,Bidget,Driver,bdrivermd@slideshare.net,Female,106.109.62.233
807,Julieta,Pellman,jpellmanme@xrea.com,Female,106.137.243.4
808,Lamond,Chasney,lchasneymf@usda.gov,Male,90.180.139.149
809,Jorie,Dudlestone,jdudlestonemg@cbslocal.com,Female,218.151.226.8
810,Reece,Luckcock,rluckcockmh@bloglovin.com,Male,74.61.109.93
811,Francyne,Millions,fmillionsmi@instagram.com,Female,98.81.26.109
812,Hamid,Bread,hbreadmj@ed.gov,Male,6.34.236.207
813,Fraze,Terran,fterranmk@themeforest.net,Male,77.130.218.28
814,Kariotta,Gantz,kgantzml@qq.com,Female,190.229.138.135
815,Dermot,Artis,dartismm@census.gov,Male,71.247.134.159
816,Meta,Corss,mcorssmn@vk.com,Female,162.68.90.99
817,Glenine,Simcoe,gsimcoemo@yelp.com,Female,213.135.77.129
818,Ezmeralda,Pearcehouse,epearcehousemp@people.com.cn,Female,78.221.18.218
819,Vivyan,Roelvink,vroelvinkmq@mozilla.org,Female,63.158.133.202
820,Parrnell,Treneer,ptreneermr@joomla.org,Male,52.103.250.68
821,Walt,Pasfield,wpasfieldms@virginia.edu,Male,146.86.215.117
822,Silvia,Wegner,swegnermt@reddit.com,Female,56.226.48.58
823,Demeter,Lamperd,dlamperdmu@ed.gov,Female,30.255.193.123
824,Gardiner,Kenyam,gkenyammv@phpbb.com,Male,62.62.229.69
825,Brad,Pinnell,bpinnellmw@nyu.edu,Male,80.81.145.116
826,Arnold,Batisse,abatissemx@tiny.cc,Male,138.34.67.190
827,Nanete,Waud,nwaudmy@foxnews.com,Female,7.154.150.192
828,Frazer,Ellerby,fellerbymz@gizmodo.com,Male,11.244.164.134
829,Marillin,Pabel,mpabeln0@archive.org,Female,179.207.127.133
830,Bob,Aspden,baspdenn1@flickr.com,Male,169.92.73.209
831,Jefferson,Langstone,jlangstonen2@google.co.jp,Male,253.205.178.244
832,Laurent,Ormes,lormesn3@51.la,Male,118.135.74.191
833,Cris,Overstone,coverstonen4@hp.com,Female,134.69.140.211
834,Bailie,MacGibbon,bmacgibbonn5@posterous.com,Male,38.53.30.45
835,Simmonds,Compfort,scompfortn6@omniture.com,Male,37.126.29.177
836,Ansel,Skrines,askrinesn7@icq.com,Male,125.249.207.138
837,Andros,Marcombe,amarcomben8@google.co.jp,Male,171.189.63.57
838,Sherlock,Hebblewaite,shebblewaiten9@jimdo.com,Male,249.154.189.67
839,Olympie,Morford,omorfordna@histats.com,Female,37.28.156.63
840,Krissie,Yakunin,kyakuninnb@si.edu,Female,228.35.198.97
841,Arel,Gillespie,agillespienc@google.ca,Male,18.43.248.97
842,Valeria,Huxstep,vhuxstepnd@addtoany.com,Female,144.214.243.122
843,Kerstin,Fretter,kfretterne@icq.com,Female,162.234.232.171
844,Kessia,Portal,kportalnf@wikia.com,Female,224.203.127.52
845,Emlyn,Kubatsch,ekubatschng@oaic.gov.au,Male,21.20.193.130
846,Dasha,Canas,dcanasnh@last.fm,Female,77.111.49.1
847,Imogen,Houten,ihoutenni@wisc.edu,Female,160.38.204.61
848,Rosana,Blaylock,rblaylocknj@lulu.com,Female,244.222.99.130
849,Nancey,Feldmann,nfeldmannnk@psu.edu,Female,14.139.45.248
850,Cullie,Vanyashin,cvanyashinnl@cisco.com,Male,40.64.35.121
851,Amii,Duquesnay,aduquesnaynm@samsung.com,Female,238.236.201.57
852,Israel,Willatt,iwillattnn@accuweather.com,Male,129.236.160.176
853,Kathryn,Osbaldeston,kosbaldestonno@example.com,Female,227.9.111.87
854,Gale,Klezmski,gklezmskinp@unicef.org,Female,79.7.115.141
855,Carlene,Brien,cbriennq@squarespace.com,Female,198.119.60.114
856,Leisha,Willbourne,lwillbournenr@uiuc.edu,Female,232.86.167.68
857,Brandy,Bundy,bbundyns@cisco.com,Male,224.104.133.243
858,Freedman,Instrell,finstrellnt@t-online.de,Male,69.136.184.97
859,Joelle,Connolly,jconnollynu@geocities.jp,Female,77.234.203.160
860,Bailey,Ladbrook,bladbrooknv@java.com,Male,250.248.196.139
861,Caleb,McElane,cmcelanenw@loc.gov,Male,183.156.165.200
862,Humfrey,Daykin,hdaykinnx@163.com,Male,223.177.7.237
863,Miller,Wrack,mwrackny@cpanel.net,Male,219.40.187.78
864,Chrisse,McCloy,cmccloynz@google.cn,Male,16.124.104.226
865,Sherwood,Cocozza,scocozzao0@statcounter.com,Male,184.113.189.122
866,Gussi,Muckart,gmuckarto1@umich.edu,Female,55.140.184.202
867,Sidnee,Hulcoop,shulcoopo2@globo.com,Male,169.138.199.93
868,Consuelo,Walesby,cwalesbyo3@odnoklassniki.ru,Female,71.69.213.195
869,Madelaine,Brunetti,mbrunettio4@mlb.com,Female,101.80.76.28
870,Suzy,Arbuckel,sarbuckelo5@eepurl.com,Female,110.67.17.146
871,Reena,Drydale,rdrydaleo6@wunderground.com,Female,193.182.241.226
872,Reginald,Gourlay,rgourlayo7@va.gov,Male,97.127.20.150
873,Lowell,Vairow,lvairowo8@illinois.edu,Male,246.184.13.231
874,Jennee,McReath,jmcreatho9@youtu.be,Female,63.61.40.61
875,Gustave,Puckinghorne,gpuckinghorneoa@indiegogo.com,Male,48.102.28.111
876,Raffarty,Jeannard,rjeannardob@wordpress.org,Male,5.229.241.232
877,Kinna,Stelle,kstelleoc@huffingtonpost.com,Female,56.70.100.33
878,Arnaldo,Newtown,anewtownod@fda.gov,Male,27.243.95.55
879,Karole,Ruddoch,kruddochoe@virginia.edu,Female,215.244.109.212
880,Berk,Sheach,bsheachof@sourceforge.net,Male,179.160.161.166
881,Eve,Rivers,eriversog@nyu.edu,Female,200.98.212.3
882,See,Legges,sleggesoh@usgs.gov,Male,164.17.24.40
883,Maribelle,Burchard,mburchardoi@cam.ac.uk,Female,13.15.161.60
884,Vitia,Abramovicz,vabramoviczoj@biglobe.ne.jp,Female,49.67.249.165
885,Eb,Quogan,equoganok@howstuffworks.com,Male,82.231.122.80
886,Donna,Gibson,dgibsonol@squidoo.com,Female,82.173.153.138
887,Mohammed,MacManus,mmacmanusom@histats.com,Male,0.95.115.182
888,Cissy,Haukey,chaukeyon@usnews.com,Female,42.29.149.195
889,Jean,Hammelberg,jhammelbergoo@google.ca,Male,111.24.12.69
890,Pasquale,Bickerton,pbickertonop@themeforest.net,Male,41.227.193.132
891,Skipp,Capel,scapeloq@princeton.edu,Male,172.102.130.99
892,Shoshanna,Harrinson,sharrinsonor@princeton.edu,Female,54.118.243.97
893,Cate,Cansfield,ccansfieldos@businessweek.com,Female,144.118.166.116
894,Inigo,Rosencwaig,irosencwaigot@foxnews.com,Male,109.22.157.20
895,Cesaro,Stack,cstackou@dropbox.com,Male,118.226.73.238
896,Hilary,Nolleau,hnolleauov@edublogs.org,Male,164.72.136.116
897,Kingsley,Espinas,kespinasow@tuttocitta.it,Male,211.131.43.91
898,Ilaire,Gooley,igooleyox@blogger.com,Male,219.195.76.125
899,Guthry,Kensitt,gkensittoy@ox.ac.uk,Male,13.13.2.185
900,Joellen,Chaperling,jchaperlingoz@rambler.ru,Female,145.108.171.128
901,Nikolaus,Brydell,nbrydellp0@domainmarket.com,Male,3.229.139.225
902,Debor,Boyington,dboyingtonp1@arstechnica.com,Female,110.106.215.216
903,Colby,Ewington,cewingtonp2@slideshare.net,Male,243.26.166.242
904,Lucien,Scade,lscadep3@sitemeter.com,Male,16.5.21.60
905,Nana,Proudlock,nproudlockp4@devhub.com,Female,162.180.236.64
906,Maurice,Casoni,mcasonip5@spotify.com,Male,78.174.133.49
907,Annissa,Trass,atrassp6@apache.org,Female,134.84.59.64
908,Karlis,Rubartelli,krubartellip7@github.com,Male,77.12.179.29
909,Harman,Weetch,hweetchp8@tiny.cc,Male,220.78.33.180
910,Darlleen,Simionescu,dsimionescup9@wix.com,Female,129.225.162.217
911,Ferguson,Tennick,ftennickpa@pagesperso-orange.fr,Male,130.59.93.115
912,Denice,Revey,dreveypb@ustream.tv,Female,20.154.148.112
913,Corty,Pauwel,cpauwelpc@acquirethisname.com,Male,102.86.191.6
914,Jaclin,Oxberry,joxberrypd@elegantthemes.com,Female,233.202.136.95
915,Maxi,Turl,mturlpe@moonfruit.com,Female,107.252.148.24
916,Marijo,O'dell,modellpf@discuz.net,Female,121.164.111.229
917,Natka,Barnsdale,nbarnsdalepg@1688.com,Female,98.235.94.158
918,Bernardine,Hughlin,bhughlinph@meetup.com,Female,154.198.121.199
919,Preston,Isakovitch,pisakovitchpi@hibu.com,Male,34.4.109.32
920,Perceval,Spadazzi,pspadazzipj@sourceforge.net,Male,61.96.203.220
921,Christye,Lamborne,clambornepk@statcounter.com,Female,132.63.156.11
922,Heddie,Hruska,hhruskapl@msn.com,Female,187.198.14.213
923,Dorena,Schwartz,dschwartzpm@ucoz.ru,Female,50.5.205.142
924,Sigfried,Sarre,ssarrepn@posterous.com,Male,241.12.191.225
925,Edeline,Loweth,elowethpo@hexun.com,Female,226.192.199.168
926,Debee,Cleugher,dcleugherpp@a8.net,Female,13.200.131.185
927,Toddie,Pascall,tpascallpq@mapquest.com,Male,232.102.175.71
928,Clair,Lightwing,clightwingpr@wufoo.com,Female,147.123.0.81
929,Jarrid,Durno,jdurnops@google.fr,Male,104.229.193.118
930,Sallee,Hryskiewicz,shryskiewiczpt@msn.com,Female,250.33.154.67
931,Beaufort,Spieck,bspieckpu@theglobeandmail.com,Male,147.135.122.122
932,Rafaelia,Moncreiff,rmoncreiffpv@yelp.com,Female,255.47.207.92
933,Erica,Burnie,eburniepw@w3.org,Female,98.4.85.211
934,Vergil,Ferby,vferbypx@nyu.edu,Male,143.34.215.27
935,Graig,Geertsen,ggeertsenpy@canalblog.com,Male,233.87.70.56
936,Katlin,Hannaway,khannawaypz@instagram.com,Female,11.234.228.119
937,Gabriella,Shearsby,gshearsbyq0@imdb.com,Female,97.208.98.118
938,Orazio,Lawrenson,olawrensonq1@godaddy.com,Male,13.245.233.247
939,Lyndsey,Sposito,lspositoq2@yandex.ru,Female,153.60.154.97
940,Jerad,Matresse,jmatresseq3@bandcamp.com,Male,68.251.164.37
941,Shurlocke,Hadye,shadyeq4@unesco.org,Male,18.119.201.212
942,Garth,Dudman,gdudmanq5@friendfeed.com,Male,142.0.74.1
943,Gaelan,Theyer,gtheyerq6@statcounter.com,Male,121.166.222.102
944,Mia,Fakeley,mfakeleyq7@marketwatch.com,Female,53.64.170.168
945,Miller,Bernasek,mbernasekq8@washingtonpost.com,Male,253.134.4.88
946,Galen,Kleinmann,gkleinmannq9@psu.edu,Male,183.80.198.248
947,Kevan,Bagott,kbagottqa@webmd.com,Male,223.51.238.241
948,Maurits,Hutchins,mhutchinsqb@g.co,Male,77.134.38.218
949,Samaria,Chesswas,schesswasqc@buzzfeed.com,Female,74.189.253.138
950,Joeann,Franscioni,jfranscioniqd@odnoklassniki.ru,Female,217.225.55.243
951,Gwendolyn,Puzey,gpuzeyqe@facebook.com,Female,108.246.43.157
952,Gwenore,Calf,gcalfqf@histats.com,Female,39.231.146.104
953,Wainwright,Arghent,warghentqg@altervista.org,Male,227.73.181.49
954,Elliott,Alven,ealvenqh@ezinearticles.com,Male,150.26.225.192
955,Myer,Motten,mmottenqi@biblegateway.com,Male,64.88.54.54
956,Zabrina,Ferran,zferranqj@irs.gov,Female,87.7.235.198
957,Victor,Eisikowitz,veisikowitzqk@cbsnews.com,Male,96.207.158.175
958,Margette,Schwandermann,mschwandermannql@microsoft.com,Female,151.87.208.236
959,Connie,Jardin,cjardinqm@wufoo.com,Female,181.36.58.160
960,Gerhardt,Bockett,gbockettqn@engadget.com,Male,55.212.151.110
961,Hugo,Gowlett,hgowlettqo@netscape.com,Male,145.231.107.108
962,Dionis,Teasdale-Markie,dteasdalemarkieqp@issuu.com,Female,221.35.71.247
963,Catharine,Cunniam,ccunniamqq@addthis.com,Female,176.88.237.34
964,Aline,Clackson,aclacksonqr@yellowpages.com,Female,53.35.36.52
965,Clemmy,Foad,cfoadqs@nba.com,Female,31.120.33.180
966,Danny,Soeiro,dsoeiroqt@omniture.com,Female,167.136.42.82
967,Ignazio,Ambrosch,iambroschqu@statcounter.com,Male,119.198.224.187
968,Herb,Leythley,hleythleyqv@addtoany.com,Male,142.173.61.45
969,Natal,Carrier,ncarrierqw@unicef.org,Male,67.121.78.135
970,Carlyle,Twiddy,ctwiddyqx@indiatimes.com,Male,13.156.176.80
971,Eda,Robrose,erobroseqy@github.com,Female,217.240.219.88
972,Billye,Madison,bmadisonqz@icq.com,Female,91.50.166.127
973,Mattias,Harberer,mharbererr0@google.co.jp,Male,212.74.22.118
974,Hussein,Cubbinelli,hcubbinellir1@jimdo.com,Male,16.7.158.104
975,Idelle,Lankham,ilankhamr2@cbslocal.com,Female,249.51.194.37
976,Deedee,Burke,dburker3@google.com.au,Female,41.96.211.37
977,Karisa,Baume,kbaumer4@ucoz.com,Female,93.183.53.115
978,Lexis,Clougher,lclougherr5@zimbio.com,Female,180.187.144.165
979,Amery,Morse,amorser6@symantec.com,Male,23.8.97.118
980,Grace,Pascall,gpascallr7@alexa.com,Female,227.238.122.36
981,Kendricks,Dat,kdatr8@pagesperso-orange.fr,Male,155.83.238.216
982,Terrel,Glennie,tglennier9@ask.com,Male,243.182.89.6
983,Ami,Rielly,ariellyra@usgs.gov,Female,224.11.237.51
984,Dalton,Ales,dalesrb@baidu.com,Male,119.108.194.122
985,Jeannine,Schettini,jschettinirc@360.cn,Female,179.138.49.200
986,Tracie,de Castelain,tdecastelainrd@smugmug.com,Male,240.195.195.208
987,Bunny,Lanfranchi,blanfranchire@nasa.gov,Female,20.61.228.88
988,Janel,Finlator,jfinlatorrf@i2i.jp,Female,200.100.58.162
989,Gui,Skittle,gskittlerg@tuttocitta.it,Female,185.32.137.254
990,Verine,Morrieson,vmorriesonrh@prnewswire.com,Female,41.229.245.166
991,Coralyn,Risdall,crisdallri@nytimes.com,Female,184.70.19.227
992,Lesli,Hugueville,lhuguevillerj@addtoany.com,Female,16.8.153.244
993,Kellina,Jane,kjanerk@wsj.com,Female,178.193.185.32
994,Ursula,Fisby,ufisbyrl@mashable.com,Female,27.56.255.234
995,Rena,Pierse,rpierserm@craigslist.org,Female,88.190.220.253
996,Konstanze,Jellico,kjellicorn@about.com,Female,140.124.186.46
997,Ulric,Castellone,ucastellonero@google.de,Male,105.196.0.245
998,Roselle,Vallintine,rvallintinerp@yolasite.com,Female,159.97.215.98
999,Friedrick,Durram,fdurramrq@reverbnation.com,Male,65.207.118.142
1000,Brian,Housam,bhousamrr@microsoft.com,Male,189.166.176.202
